类别,条目名,衙署,下级机构,上级机构,隶属机构,下级官员,平级官员,官品文本,官品,编制文本,编制,编制人数,职掌文本,职掌,简称与别名,参考文档页数,职源与沿革文本,出处,始置时间,罢置时间,前身
,殿学士,,,,,,,从二品（观文殿大学士）、正三品（资政殿大学士、学士，观文殿学士、端明殿学士，保和殿大学士、学士）。杂压之序为：观文殿大学士，观文殿学士，资政殿、保和殿大学士，资政、保和、端明殿学士（《庆元条法》4《职制令》）。,,,,,无职守，资望极高，有出入侍从、备顾同的名义，实为宰相、执政官离任外调所带职名（《宋会要•职官》7之1、2）。保和殿职名初系宠驸马都尉特置（《宋会要•帝系》8之57、58）。,,,宋代官制辞典第148页，宋代官制辞典第149页,唐中宗景龙二年（708）有集贤殿大学士，是置“殿大学士”之始（《事物纪原》卷4《大学士》）。南朝陈置德教殿学士，是为“殿学士”名之始（《事物纪原》卷4《学士》）。文明殿大学士，唐、五代已有（《事物纪原》卷4《观文》），端明殿学士始置于后唐天成元年（926），其余资政殿大学士、学士，观文殿大学士（观文殿为隋炀帝时殿名），紫宸殿学士，宣和殿（后改保和殿）大学士、学士，皆北宋创置（《宋会要•职官》7之1）。南宋时常除者有观文殿大学士、学士，资政殿大学士、学士，端明殿学士，存其名者有保和殿大学士、学士（《宋史•宰辅表》4、5及《庆元条法》卷4《官品令》）。,,,,
,观文殿大学士,,,,,,,从二品（《宋会要•职官》7之2）。序位在六部尚书之上（《分纪》卷15《观文殿大学士》）。,,,,,宰相离任外调，带此职名，以示恩宠；并有备皇帝顾问的名义（《通考•职官》）8《总学士》）。,,①观文。《挥塵录•余话》：“（曾）文肃以观文守南徐。”《宋史•曾布传》：“罢为观文殿大学士、知润州。……谥曰文肃。”②大观。《宋人轶事》卷13《蔡京》：“观文、资政殿皆有大学士，观文称‘大观’。”③大观文。《周文忠公全集》之《奉诏录》卷6《王相判郡御笔》：“王相乞宫祠，今欲除大观文，可以判甚郡？”同前书卷《王淮锁院奏》：“臣伏见御笔，王淮除观文殿大学士、判衢州。”,宋代官制辞典第149页,皇祐元年（1049）六月十三日始置（《长编》卷166）。南宋仍置。,,,,
,观文殿学士,,,,,,,正三品，位资政殿大学士之上（《庆元条法》卷4《官品令》）。,,,,,宰相得罪罢官，或曾任枢密使、知枢密院事等执政官外调，带此职名；未入二府而得者，或以军功，或仍为东宫官，属异恩；并有侍从、备顾问之名义（《合璧后集》卷56、《长编》卷113壬辰）。,,①观文。《东轩笔录》卷5：“王观文韶始为建昌军司理参军。”《宋史•王韶传》：“调新安主簿、建昌军司理参军。⋯⋯拜观文殿学士、礼部侍郎。资政、观文学士，非尝执政而除者，皆自韶始。”②延恩。观文殿旧名延恩殿，庆历七年改。而宋人或于庆历七年后，仍有习称观文殿学士为“延恩”者，常见于制词中。《周文忠公年谱》：“绍熙二年辛亥，公年六十六。八月，除观文殿学士、判潭州。制词：‘书殿通班，无若延恩之峻。’”《宋史•职官志》2《观文殿大学士》：“观文殿，即旧延恩殿。”,宋代官制辞典第149页,庆历八年（1048）五月八日始置，由紫宸殿学士改名（《长编》卷164）。南宋仍置。,,,,
,文明殿学士,,,,,,,序位在枢密副使之下，资政殿大学士、翰林学士之上（《东斋纪事》1、《分纪》15）。,,,,,优宠老臣之清职（《宋史•程羽传》）。,,文明学士。《玉海》卷160《太平兴国文明殿》：“文明学士，位枢副之下。”《宋会要•职官》7之6：“文明殿学士，序位于枢密副使之下。”,宋代官制辞典第149页,太平兴国五年（980）正月十五日始置（《长编》卷21）。庆历七年（1047）八月十六日改名为紫宸殿学士（《长编》卷161）。,,,,
,紫宸殿学士,,,,,,,与观文殿学士同（同前书传）。,,,,,为执政罢任时所带职名（《宋史•丁度传》）。,,紫宸。《归田录》卷1：“丁（度）既受命，遂称曰‘丁紫宸’。议者又谓‘紫宸’之号非人臣之所宜，遂更曰‘观文’。”《宋史•丁度传》：“度遂求解政事，罢为紫宸殿学士兼侍读学士。”,宋代官制辞典第149页,庆历七年（1047）八月十六日始置（《长编》卷161），庆历八年五月八日改为观文殿学士（《长编》卷164）。,,,,
,资政殿大学士,,,,,,,正三品（《分纪》卷15）。班位在文明殿学士（后改为观文殿学士）之下、翰林学士承旨之上（《合璧后集》卷56）。,,仁宗康定二年曾定员二人（《宋会要•职官）7之20）。,,,初为宠执政官之去位者，并有侍从、备顾问之名义。景祐以后多为资政殴学士序进之职（《宋史•王钦若传》、《石林燕语》6）。,,①资政、大资。《邵氏闻见录》卷14：“韩持国大资知颖昌府。”《宋人轶事》卷13《蔡京》：“观文、资政殿皆有大学士，观文称大观、资政称大资。”②大资政、大学士。《宋朝类苑》卷23《官政治绩》：“赵阅道抃，熙宁中，以大资政知越州。”《宋史•赵抃传》：“拜资政殿学士、知杭州。……成都以成卒为忧，遂以大学士复知成都。,宋代官制辞典第149页，宋代官制辞典第150页,景德二年（1005）十二月七日始置（《长编》卷61）。南宋仍置（《宋史•宰辅表）3、4）。,,,,
,资政殿学士,,,,,,,正三品（《分纪》卷15）。序位在翰林学士之下、侍读学士之上（《长编》卷59己亥）。,,,,,优待参知政事等执政官之离任者，并有侍从、备顾向之名义（《宋会要•职官》7之1）。,,①资政殿。《通考•职官》8《资政殿大学士、学士》：“绍兴十年，郑亿年归自伪庭，除资政殿，二年加大学士。”《要录》卷134，绍兴十年正月甲辰：“郑亿年复资政殿学士。”②资政。《事物纪原》卷4《资政》：“王钦若罢参政，真宗特置资政殿学士以宠之。”③资殿。《要录》卷33，建炎四年五月乙卯：“参知政事王淘充资政殿大学士、提举万寿观、兼侍读。故事：已尝任资殿而除执政，若不以罪去，则必进职名，乃以绚为大学士。”,宋代官制辞典第150页,景德二年（1005）四月二十六日始置（《十朝纲要》卷3）。南宋仍置（《宋史•宰辅表》3、4）。,,,,
,文资,,,,,,,,,,,,,,,宋代官制辞典第150页,,,,,
,端明殿学士,,,,,,,正三品（《分纪》卷15）。位于资政殿学士之下、枢密直学士之上（《宋会要•职官》7之2）。,,,,,初，为翰林学士承旨及学士久任者加职。元丰后，多执政得罪离任带职。南宋时，为签书枢密院事、同签书枢密院事带职（《合璧后集》卷56、《宋史•职官志》2）。,,①端明学士。《齐东野语》卷20《耆英请会》：“司马光，端明学士，六十四。”《宋史•司马光传》：“以端明殿学士、知永兴军。”②端殿、端明。《内简尺牍》卷3《与张尚书》：“向传进端殿、践枢省。”原注：“端殿，据《亲情帖》，称‘端明’知已进阶端明殿学士。”,宋代官制辞典第150页,后唐天成元年（926）五月二十日始置。北宋于太平兴国五年正月十五日，改端明殿学士为文明殿学士。明道二年（1033）复置端明殿学士，始除人（《长编》卷113、《事物纪原》卷4）。政和四年八月三日，改端明殿学士为延康殿学士（《宋会要•职官》7之3）。南宋建炎二年二月十三日，复改延康殿学士端明殿学士（《要录》卷13）。,,,,
,延康殿学士,,,,,,,恩数、品秩与端明殿学士同，正三品（《宋史•曹辅传》）。,,,,,为侍从、执政加职，多为签书枢密院事所带（《宋会要•职官）7之3）。,,延康。《金石补正》卷111《天宁寺苏过题名》：“大帅、延康陈公。”陆增祥按：“陈公盖以延康殿学士、知定州者。”,宋代官制辞典第150页,政和四年（1114）八月三日始置，于南宋建炎二年（1128）二月十三日复端明殿学士旧名（《宋会要•职官》7之3、《十朝纲要》卷21）。,,,,
,宣和殿大学士,,,,,,,依资政殿大学士例，为正三品。,,,,,优宠近臣，为宣和殿学士序进之职（同前书卷）。,,大宣。《宋人轶事》卷13《蔡京》：“宣和间，蔡居安（攸）除宣和殿大学士，从资政例，称‘大宣’。”,宋代官制辞典第150页,政和七年（1117）六月二日始置。宣和元年（1119）二月一日，改宣和殿大学士为保和殿大学士（《宋会要•职官》7之10）。,,,,
,宣和殿学士,,,,,,,与延康学士同，为正三品。位次于延康殿学士、翰林学士之下（同前书卷）。,,,,,优宠近臣（《宋会要•职官）7之10）。,,,宋代官制辞典第150页,政和五年（1115）四月二十四日始置（《十朝纲要》卷17）。宣和元年（1119）二月一日，改名为保和殿学士（《宋史•徽宗纪》4）。,,,,
,保和殿大学士,,,,,,,正三品。位于资政殿大学士之下、资政殿学士之上（《宋史•职官志》8《官品令》）。,,,,,为保和殿学士序进之职，余与“宣和殿大学士”同。,,,宋代官制辞典第150页，宋代官制辞典第151页,宣和元年（1119）二月一日，始改宣和殿大学士为保和殿大学士，以原名与“宣和”纪年重名故（《宋会要•职官》7之10）。南宋沿置（《庆元条法》卷4《官品令》）。,,,,
,保和殿学士,,,,,,,正三品。位在翰林学士、资政殿学士之下，端明殿学士之上（《庆元条法》卷4《官品令》）。,,,,,与“宣和殿学士”同。,,保和殿。《编年备要》卷28：“政和五年夏四月，置宣和殿学士，以蔡攸为之。后以犯纪年，改保和殿。“《宋会要•职官》7之10：“保和殿大学士、学士，初名宣和。”,宋代官制辞典第151页,宣和元年二月一日，由宣和殿学士改名，迄南宋不废（《宋会要职官》7之10、《庆元条法》卷4《职制令》）。,,,,
,保和殿直学士,,,,,,,,,,,,,,,宋代官制辞典第151页,,,,,
,宣和殿待制,,,,,,,在诸阁待制之上（同前书卷）。,,,,,初以宠驸马都尉，后多为近臣侍从所得（同上书卷8之57）。,,,宋代官制辞典第151页,唐永徽五年（654）已有待制之名，“待制于武德殿西门”之类（《事物纪原》卷4《待制》）。北宋政和八年（1118）三月十六日始置宣和殿待制（《宋会要•帝系》8之57）。宣和元年（1119）二月一日改为保和殿待制。,,,,
,保和殿待制,,,,,,,,,,,,,,,宋代官制辞典第151页,,,,,
,枢密直学士,,,,,,,正三品（《分纪》卷15）。班位在翰林学士之下，为诸阁直学士之冠（《石林燕语》卷2、《宋会要•职官》7之19）。,,太宗朝二员。大中祥符五年八月十八日定员六人（《长编》卷78）。,,,宋初签署枢密院事，于宣徽院置厅事；并备顾问、应对，崇政殿朝会侍立。后多为侍从官外任守臣带职（《宋会要•职官》7之19、《长编）卷4丙午、《宋史•职官志》2《枢密使》）。,,①枢密学士。《默记》卷中：“刘琯，河中人，枢密学士综之孙也。”《长编》卷76癸酉：“从枢密直学士刘综之请也。”②密直学士。《宋朝类苑》卷29《学士班次》：“龙图阁直学士，即在密直学士之下。”《庆元条法》卷4《职制令》：“枢密直学士，龙图……阁直学士。”③枢密直。《燕翼诒谋录》卷4：”（政和四年）改枢密直学士为述古殿学士，恩数与品秩并依旧。中兴以后，端明复旧，而述古与枢密直皆废矣。”④密学、密直。《旧闻证误》卷1：“真皇时，以任密学中正知成都府，代张咏尚书。“《宋史•任中正传》：“擢枢密直学士，代张咏知益州。”《石林燕语》卷2：“枢密直学士，相呼谓之‘密学’。”⑤枢直。《事物纪原》卷4《枢直》：“后唐同光中，置枢密直学士。”⑥学士。《曾巩集》卷4《虞部郎中戚公墓志铭》：“事太宗、真宗，以贤能为枢密直学士。……学士以论天书出。”,宋代官制辞典第151页,五代后梁开平二年（908），改枢密院为崇政院，始置直学士；后唐同光中（923-926），改为枢密直学士（《事物纪原》卷4）。北宋沿置。徽宗政和四年八月三日，改称述古殿直学士，十月二十四日又改回（《宋会要•职官》7之19）。南宋存其名（《庆元条法》卷4《职制令》）。,,,,
,述古殿学士,,,,,,,,,,,,,,,宋代官制辞典第151页,,,,,
,密谏,,,,,,,,,,,,,,,宋代官制辞典第151页,,,,,
,阁学士,,,,,,,正三品（《分纪》卷15、《庆元条法》卷四《官品令》）。班位在殿学士之下、诸阁直学士之上（同上书）。诸阁学士，为同一档次，但以龙图阁学士序位最高，依次递降至显文阁学士，然迁转皆临时取旨，不必逐阁而上。,,无定员（《合璧后集》卷57《学门》）。,,,①宋前期，虽无职守，然为言语侍从之臣，置以备顾问，得之为荣，选择尤精。或带此职以判在京职事，或为在外守臣、任使之贴职（《群书考索•后集》卷4《秘书省》）。仁宗朝后，阁学士多力翰林学士之兼职、换职（《长编》卷461己巳）。②元丰改制后，已无备顾间可言，形同阶官，但为朝臣补外加恩之官，翰林学士别差遣、吏部尚书等六部尚书补外，多得此类贴职（《长编》卷431癸丑）。③南宋时，为御史中丞、翰林学士、六部尚书补外之贴职（《宋史•职官志》2《总阁学士》）。,,,宋代官制辞典第151页，宋代官制辞典第152页,诸阁学士均初建于宋，以龙图阁学士设置最早，在大中祥符三年（1010），显文阁学士设置最晚，迟至南宋咸淳元年（1265）。,,,,
,阁直学士,,,,,,,从三品。班位在枢密直学士之下、诸阁待制之上（《分纪》卷15、《庆元条法》卷4《职制令》）。,,无定员（《通考•职官》8《总阁学士、直学士》）。,,,无职事，备侍从、顾问，得之者为荣。北宋前期多由待制升任。元丰改制后，形同阶官，已无参与议论之实，仅诸尚书补外之贴职。南宋时，多六部侍郎、权尚书、御史中丞补外贴职（《宋史•职官志》2《总阁直学士》）。,,,宋代官制辞典第152页,龙图阁直学士始置于景德四年（1007）八月，为诸阁直学士之最早设置者（《玉海》卷163《咸平龙图阁》）；显文阁直学士设置最晚，在南宋咸淳元年（1265）六月（《宋史•度宗纪》）。,,,,
,阁待制,,,,,,,从四品（《分纪》卷15）。位于知制诰（元丰改制后中书舍人）下、诸直阁之上。其高下，自龙图降待制而下至显文图待制依次递降，序迁之制，则由待制升直学士。如绍兴七年十二月徽猷阁待制王伦迁为徽猷阁直学士（《要录》卷117癸未、丁亥）。,,,,,凡带待制以上职名，均为侍从官标志，本为侍从、献纳之臣，实无职守，但为文臣差遣贴职。宋前期，三司副使、知制诰任满即除之（《文潞公文集》卷29《奏除改旧制》）。元丰改制后，多为中书舍人、给事中补外贴职，此外，至南宋时又添权侍郎满任补外贴职（《长编》卷120戊寅、《要录》卷33戊午）。元祐至徽宗朝，曾用作权尚书补外贴职（《宋史•职官志》2《总阁学士》、《石林燕语》卷8）。,,,宋代官制辞典第152页,诸阁待制，皆宋朝创置。龙图阁待制设置最早，在景德元年（1004）十月（《宋会要•职官》13）。显文阁待制设置最晚，在南宋咸淳元年（1265）六月（《宋史•度宗纪》）。,,,,
,直阁,,,,,,,,,,,,,,直延阁。《要录》卷192辛亥条：“（继先）子弟直延阁、通朝籍。……（其子）右朝议大夫、直徽猷阁、两浙西路安抚司参议官守道，右朝奉郎、直秘阁、两浙转运司主管文字悦道，孙右承议郎、直秘阁锜等。”,宋代官制辞典第169页,,,,,
,龙图阁学士,,,,,,,正三品，班位在枢密直学士之上（《分纪》卷15《龙图阁》）。杂压为诸阁学士之首。,,不定员（《合璧后集》卷57《总学士》）。,,,北宋时多为翰林学士兼职或翰林学士别授差遣者除授。如“翰林学士、兼龙图阁学士、权知开封府陈尧咨”（《长编》卷105天圣五年八月丙戌）。元丰改制后，为吏部尚书补外贴职（《石林燕语》2）。余参“阁学士”条。,,①龙图。《东轩笔录》卷10：“文忠自龙图阁学士为河北都转运使，询乃部属。……犹敛板操北音曰：‘龙图久别安乐。’”②龙学。《舆地纪胜》卷116《化州古迹•范龙学太史墓》：“（碑）乃崇宁五年所立，大书‘龙学范公墓’。”《宋史•范祖萬传》：“以龙图阁学士、知陕州……又徙宾、化（州）而卒。”③龙图学士。《宋史•职官志》2《观文殿大学士》：“然韶犹兼端明殿、龙图学士。”《长编》卷253，熙宁七年五月庚子：“王韶力起观文殿学士、礼部侍郎仍兼端明殿学士、龙图阁学士。”④大龙图、大龙。《默记》卷下：“钱明逸落翰林学士，以大龙图知蔡州。”《宋史•钱明逸传》：“龙图阁学士世谓之大龙。”⑤老龙。北宋时俗称。《泊宅编》卷上：“旧制，龙图阁学士谓之‘老龙’。”,宋代官制辞典第152页，宋代官制辞典第153页,大中祥符三年（1010）七月十九日始置（《长编》卷74）。,,,,
,龙图阁直学士,,,,,,,从三品（《分纪》卷15）。北宋，班在枢密直学士之下、自天章至显文阁直学士之上。南宋时又位于枢密直学士之上（《宋史•职官志》8《绍兴以后合班之制》）。,,,,,参“阁学士”条。,,①龙图直学。《齐东野语》卷20《耆英诸会》：“张诜，龙图直学，七十。”《宋史•张诜传》：“元丰初，加龙图阁直学士、知成都府。”②龙学。《避暑录》：“宣和末，陈亨伯以捕方贼有功，进龙图阁直学士，称‘龙学’。”③龙图。《玉壶清话》卷1：“（吕溱）索镜自照问周曰：‘足下果见溱如何？’周曰：‘龙图无白疑，容采安详。’”《宋史•吕溱传》：“加龙图阁直学士、知开封府。”④小龙。俗称。《麈史》下：“龙图阁学士世谓之‘大龙’……直学士为‘小龙’。”《朝野杂记》乙集卷11《奉常毕大事例迁仪曹》：“（朱时敏）淳熙末为太常少卿，……既而得小龙、知潼川府。”,宋代官制辞典第153页,始置于景德四年（1007）八月二十四日（《长编》卷66）。,,,,
,龙图阁待制,,,,,,,从四品，位在知制诰（后为中书舍人）之下（《宋会要•职官》7之14）。,,初置时为二员，大中祥符间定员四人（《长编》卷182庚申、《历代奏议》卷160《建官•钱彦远奏》）。,,,参“阁待制”条。,,①待制。《长编》卷74，大中祥符三年七月两中：“置龙图阁学士，以直学士杜镐之，待制陈彭年直学士。”《宋史•陈彭年传》：“迁右正言、充龙图阁待制。”②龙制。《事物纪原》卷4《龙制》：“景德元年十月，以杜镐、戚纶充龙图阁待制。”,宋代官制辞典第153页,景德元年（1004）十月二十九日始置（《长编》卷58）。,,,,
,直龙图阁,,,,,,,正七品（《宋史•职官志》8《官品令》）。居于诸直阁贴职之首，次于修撰。元丰前之制，参“阁学门”之“直龙图阁”。,,,,,自直龙图阁以下诸直阁，文臣庶官外任帅守（知州、知府之带安抚使）、监司（转运使等）者贴职。馆职任久者，多得直龙图阁，成为擢升待制的台基（《宋史•职官志》2《直龙图阁》）。,,,宋代官制辞典第169页,元丰五年罢馆职后，元祐六年复六等馆职（实为贴职），直龙图阁为其中之一。故直龙图阁或被视为“馆职”（《容斋四笔》卷16《馆职名存》）。此后，历绍圣、元符、政和及南宋，直龙图阁一直列为贴职。,,,,
,天章阁学士,,,,,,,正三品，位在龙图阁学士之下（《分纪》卷15）。,,,,,天章阁学士未除人（《合璧后集》卷58《天章阁》）。余参“阁学士”条。,,天章学士。《宋史•职官志》12、《增给》：“龙图、天章学士，十五千。“《通考•职官》19《禄秩》：“龙图、天章、宝文、显谟、徽猷、敷文阁学士、直学士十五贯。”,宋代官制辞典第153页,庆历七年（1047）八月十六日置（《分纪》卷15《天章阁》、《宋会要•职官》7之12，参以《长编》卷161）。绍兴二十一年三月十九日后，天章阁职名不为带职（《宋史•职官志》2《天章阁学士、直学士、待制》、《要录》卷161）。,,,,
,天章阁直学士,,,,,,,从三品，位在龙图阁直学士之下（《分纪》卷15《天章阁》）。,,,,,天章阁直学士只除过一人。余参“阁直学士”条。,,天章直学士。《宋史•职官志》12《增给》：“龙图、天章直学士，十五千。”《长编》卷175皇祐五年十二月壬戌：“天章阁直学士、吏部郎中王贽。”,宋代官制辞典第153页，宋代官制辞典第154页,庆历七年（1047）八月十六日始置（《长编》卷161）。绍兴二十一年三月十九日后，不复为带职（《宋史•职官志》2《天章阁学士、直学士、待制》、《要录》卷161）。只除过一人（《长编》卷175皇祐五年十二月壬戌）。,,,,
,天章阁待制,,,,,,,从四品，位龙图阁待制下（《长编》卷109壬寅）。,,初置时二员，后不定员。,,,详参“阁待制”条。初置时寓直于秘阁，与龙图阁待制等轮宿于秘阁。,,①天章待制。《齐东野语》卷20《耆英诸会》：“楚建中，天章待制。”《宋史•楚建中传》：“为天章阁待制、陕西都转运使。”②待制。《宋史•包拯传》：“除天章阁待制、知谏院。……人以包拯笑比黄河清，童稚妇女，亦知其名，呼曰‘包待制’。”③天制。《事物纪源》卷4《天制》：“天圣八年十月，诏特置天章阁待制。”,宋代官制辞典第154页,天圣八年（1030）十月二十二日始置（《玉海）卷163《天禧天章阁》）。绍兴二十一年三月十九日后不复为带职（《要录》卷161、《宋史•职官志》2《天章阁学士》）。,,,,
,直天章阁,,,,,,,,,,,,,,,宋代官制辞典第169页,,,,,
,天章阁侍讲,,,,,,,比直龙图阁，入内殿起居，居班在直史馆、昭文馆等馆阁官及本官之上（《长编》卷120）。,,初置三人（同前书卷）。,,,为皇帝进讲经术（《宋会要•职官》7之11、12），轮流侍讲于迩英、延羲二阁。,,天章侍讲。《事物纪原》卷4《天章侍讲》：“景祐四年三月，诏以贾昌朝等为天章阁侍讲，比直龙图阁。”,宋代官制辞典第154页,景祐四年（1037）三月一日始置（《十朝纲要》卷5）。仁宗朝以后不复置（《石林燕语》卷8）。,,,,
,宝文阁学士,,,,,,,正三品（《分纪》卷15）。杂压位于龙图、天章阁学士之下、显谟阁学士之上（《庆元条法》卷4《职制令》。寓直秘阁，恩赐如龙图阁学士例。（《宋会要•职官》7之17）。,,,,,参“阁学士”条。,,宝文学士。《宋史•职官志》12《增给》：“保和、延康、宝文、显谟、徽猷学士，……十五千。”《通考•职官考》19《禄秩》：“龙图、天章、宝文⋯⋯阁学士、直学士十五贯。”,宋代官制辞典第154页,洽平四年（1067）五月二十八日始置（《十朝纲要》卷7）。,,,,
,宝文阁直学士,,,,,,,从三品（《分纪》卷15）。杂压位于天章阁学士之下、显谟阁学士之上。”,,,,,参“阁直学士”条。,,宝直。《合璧后集》卷58《宝文阁直学士》：“宝直。”,宋代官制辞典第154页,治平四年（1067）五月二十八日始置（《十朝纲要》卷7）。,,,,
,宝文阁待制,,,,,,,从四品（《分纪》卷15）。杂压位于天章阁待制下、显谟阁待制上（《庆元条法》卷4《职制令》）。,,,,,参“阁待制”条。,,宝文待制。《宋史•职官志》2《宫观兼侍讲》：“宝文待制胡铨除提举佑神观兼侍讲。”《合璧后集》卷23《侍讲•宫观兼充源流》：“宝文阁待制胡铨除提举佑神观兼侍讲。”,宋代官制辞典第154页,治平四年（1067）五月二十八日始置（《十朝纲要》卷7）。,,,,
,直宝文阁,,,,,,,,,,,,,,,宋代官制辞典第169页,,,,,
,宝文,,,,,,,,,,,,,,,宋代官制辞典第155页,,,,,
,显谟阁学士,,,,,,,正三品（《宋史•职官志》8《官品》）。序位在宝文阁学士之下（《宋会要•职官》7之4）徽猷阁学士之上（《庆元条法》卷4《职制令》）。,,,,,参“阁学士”条。,,显谟学士。《宋史•职官志》12《增给》：“显谟、徽猷学士⋯⋯十五千。”《通考•职官》19《禄秩》：“显谟、徽猷、敷文阁学士、直学士十五贯。”,宋代官制辞典第155页,建中靖国元年（1101）二月九日（《宋会要•职官》7之4），以熙明阁学士为名，不久，阁名仍改为显谟阁，即以显谟阁学士为职称，其时不迟于崇宁元年（1102）十一月十七日。,,,,
,显谟阁直学士,,,,,,,从三品（《宋史•职官志》8《官品令》）。序位在宝文阁直学士之下（《合璧后集》卷57《显谟阁》）。,,,,,参“阁直学士”条。,,①阁学。《避暑录话》：“陈亨伯以捕方贼功，进龙图阁直学士，称‘龙学’。显谟、徽猷二阁直学士欲启之，而难于称‘谟学’、‘猷学’，乃易为“阁学’。”②显谟直学士。《宋史•职官志》12《增给》：“显谟、徽猷直学士⋯⋯十五千。”《通考•职官》19《禄秩》：“显谟⋯⋯阁学士、直学士十五贯。”,宋代官制辞典第155页,建中靖国元年（1101）二月九日始置（《宋会要•职官》7之4）。以熙明阁学士名，不久，阁复以“显谟阁”为额，即称显谟阁直学士，其时不迟于崇宁元年（1102）十一月十七日。,,,,
,显谟阁待制,,,,,,,从四品（《宋史•职官志》8《官品》）。序位在宝文阁待制下（《合璧后集》卷57《显谟阁》）。,,,,,参“阁待制”条。,,①显谟待制。《宋史•职官志》12《增给》：“显谟、徽猷待制十五千。”《通考•职官》19《禄秩》：“显谟、徽猷、敷文阁待制同（十五贯）。”②文谟次对。《攻媿集》卷36《新除兵部侍郎黄裳显谟阁待制》：“力辞武部贰卿之除，俾就文谟次对之秩。”,宋代官制辞典第155页,建中靖国元年二月九日，以熙明阁待制为名，不久即以显谟阁待制为职称，其时间不迟于崇宁元年（1102）十一月十七日（《宋会要•职官》7之4）。,,,,
,直显谟阁,,,,,,,,,,,,,,,宋代官制辞典第169页,,,,,
,徽猷阁学士,,,,,,,正三品（《宋史•职官志》8《官品》）。序位在显谟阁学士下（《庆元条法》卷4《职制令》）。,,,,,参“阁学士”条。,,徽猷学士。《宋史•职官志》12《增给》：“徽猷学士⋯⋯十五千。”《通考•职官》19《禄秩》：“徽猷、敷文阁学士⋯⋯十五贯。”,宋代官制辞典第155页,大观二年（1108）二月十三日置（《宋史•徽宗纪》2）。,,,,
,徽猷阁直学士,,,,,,,从三品（《宋史•职官志》8《官品》）。,,,,,参“阁直学士”条。,,①徽猷直学士。《宋史•职官志》12《增给》：“徽猷直学士⋯⋯十五千。”《通考•职官》19《禄秩》：“徽猷、敷文阁学士、直学士十五贯。”②阁学。《避暑录话》：“陈亨伯以捕方贼功，进龙图阁直学士，称‘龙学’。显谟、徽猷二阁直学士欲效之，而难于称‘谟学’、‘猷学’，乃易为“阁学’。”,宋代官制辞典第155页，宋代官制辞典第156页,大观二年（1108）二月十三日置（《宋会要•职官》7之9）。,,,,
,徽猷阁待制,,,,,,,从四品（《宋史•职官志》8《官品》）。序位在显谟阁直学士下（《庆元条法》卷4《职制令》）。,,,,,参“阁待制”条。,,徽猷待制。《宋史•职官志》12《禄秩》：“徽猷待制。十五千。”《通考•职官考》19《禄秩》；“徽猷阁待制同（十五贯）。”,宋代官制辞典第156页,大观二年（1108）二月十三日始置（《宋会要•职官》7之9）。,,,,
,直徽猷阁,,,,,,,,,,,,,,,宋代官制辞典第169页,,,,,
,徽猷,,,,,,,,,,,,,,,宋代官制辞典第156页,,,,,
,敷文阁学士,,,,,,,正三品（《宋史•职官志》8《官品》）。序位在徽猷阁学士之下（《庆元条法》卷4《职制令》）。,,,,,参“阁学士”条。,,敷学。《宋史•职官志》6《节度使》：“张端明澄、杨敷学炎（谈）。《朝野杂记》甲集卷12《文臣节度使》：“从官二人而已，张端明登，杨敷学谈。”按：“端明”指端明殿学士，“敷学”指敷文阁学士，带此二职名者均为侍从官。,宋代官制辞典第156页,绍兴十年（1140）五月十一日始置（《十朝纲要》卷23）。,,,,
,敷文阁直学士,,,,,,,从三品（《宋史•职官志》8《官品》）。序位在徽猷阁直学士之下（《庆元条法事类》卷4《职制令》）。,,,,,参“阁直学士”条。,,敷文直学士、奎文之直。《合璧后集》卷58《敷文阁直学士》：“奎文之直《湖山吴芾辞免敷文直学士奏状》。”,宋代官制辞典第156页,绍兴十年（1140）五月十一日始置（《十朝纲要》卷23）。,,,,
,敷文阁待制,,,,,,,从四品（《宋史•职官志》8《官品》）。序位在徽猷阁待制下（《庆元条法》卷4《职制令》）。,,,,,参“阁待制”条。,,,宋代官制辞典第156页,绍兴十年五月十一日始置（《十朝纲要》卷23）。,,,,
,直敷文阁,,,,,,,,,,,,,,,宋代官制辞典第169页,,,,,
,敷文,,,,,,,,,,,,,,,宋代官制辞典第156页,,,,,
,焕章阁学士,,,,,,,正三品（《庆元条法》卷4《官品令》）。序位在敷文阁学士之下（《庆元条法》卷4《职制令》）。,,,,,参“阁学士”条。,,,宋代官制辞典第156页,淳熙十五年（1188）十一月九日始置（《愧郯录》卷9九阁》）。,,,,
,焕章阁直学士,,,,,,,从三品（《庆元条法》卷4《官品令》）。序位在敷文阁直学士之下（同前书卷《职制令》）。,,,,,参“阁直学士”条。,,,宋代官制辞典第156页,淳熙十五年（1188）十一月九日始置（《愧郯录》卷9《九阁》）。,,,,
,焕章阁待制,,,,,,,从四品（《庆元条法》卷4《官品令》）。序位在敷文阁待制之下（同前书卷《职制令》）。,,,,,参“阁待制”条。,,待制。《宋史•陈居仁传》：“进焕章阁待制、移建宁府。⋯⋯间遣籴于荆楚商人，商人曰：‘是陈待制耶？’争以粟就籴。”,宋代官制辞典第156页，宋代官制辞典第157页,淳熙十五年（1188）十一月九日始置（《愧郯录》卷只九阁》）。,,,,
,直焕章阁,,,,,,,,,,,,,,,宋代官制辞典第169页,,,,,
,华文阁学士,,,,,,,正三品（《庆元条法》卷4《官品令》）。序位在焕章阁学士之下（同前书卷《职制令》）。,,,,,参“阁学士”条。,,,宋代官制辞典第157页,庆元二年（1196）五月十五日始设（《玉海》卷163《庆元华文阁》）。,,,,
,华文阁直学士,,,,,,,从三品（《庆元条法》卷4《官品令》）。序位在焕章阁直学士之下（同前书卷《职制令》）。,,,,,参“阁直学士”条。,,,宋代官制辞典第157页,庆元二年（1196）五月十五日始设（《玉海》卷163《庆元华文阁》）。,,,,
,华文阁待制,,,,,,,从四品（《庆元条法》卷4《官品令》）。序位在焕章阁待制下（同前书卷《职制令》）。,,,,,参“阁待制”条。,,华文待制。《南宋制抚年表》下，嘉泰元年：“赵金叔《朝野杂记》：用光除制帅，赵金叔以华文待制代之。”,宋代官制辞典第157页,庆元二年（1196）五月十五日设（《玉海》卷163《庆元华文阁》）。,,,,
,直华文阁,,,,,,,,,,,,,,,宋代官制辞典第169页,,,,,
,宝谟阁学士,,,,,,,序位在华文阁学士之下（《宋史•职官志》2《总阁学士》）。,,,,,参“阁学士”条。,,,宋代官制辞典第157页,嘉泰二年（1202）八月十二日设（《合璧后集》卷57《宝谟阁》，参《宋史•宁宗纪》2）。,,,,
,宝谟阁直学士,,,,,,,序位在华文阁直学士之下（《宋史•职官志》2《诸阁直学士》）。,,,,,参“阁学士”条。,,,宋代官制辞典第157页,嘉泰二年（1202）八月十二日设（《合𤩹后集》卷57《宝谟阁》，参以《宋史•宁宗纪》2）。,,,,
,宝谟阁待制,,,,,,,序位在华文阁待制之下（《宋史•职官志》2《总阁待制》）。,,,,,参“阁待制”条。,,,宋代官制辞典第157页,嘉泰二年（1202）八月十二日设（《合璧后集》卷57《宝谟阁》、《宋史•宁宗纪》2）。,,,,
,直宝谟阁,,,,,,,,,,,,,,,宋代官制辞典第169页,,,,,
,宝章阁学士,,,,,,,序位在宝谟阁学士之下（《宋史•职官志》2《总阁学士》）。,,,,,参“阁学士”条。,,,宋代官制辞典第157页,宝庆二年（1226）十月二日始设（《玉海》卷163《宝庆宝章阁》）。,,,,
,宝章阁直学士,,,,,,,序位在宝阁直学士之下（《宋史•职官志》2《总阁直学士》）。,,,,,参“阁直学士”条。,,,宋代官制辞典第157页,宝庆二年（1226）十月二日始设（《玉海》卷163《宝庆宝章阁》）。,,,,
,宝章阁待制,,,,,,,序位在宝谟阁待制之下（《宋史•职官志》2《总待制》）。,,,,,参“阁待制”条。,,,宋代官制辞典第157页,宝庆二年（1226）十月二日始设（《玉海》卷163《宝章阁》）。,,,,
,直宝章阁,,,,,,,,,,,,,,,宋代官制辞典第169页,,,,,
,宝章阁,,,,,,,,,,,,,,,宋代官制辞典第158页,,,,,
,显文阁学士,,,,,,,序位在宝章阁学士之下（《宋史•职官志》2《总阁学士》）。,,,,,参“阁学士”条。,,,宋代官制辞典第158页,咸淳元年（1265）六月十八日始设（《宋史•度宗纪》）。,,,,
,显文阁直学士,,,,,,,序位在宝章阁直学士之下（《宋史•职官志》2《总阁直学士》）。,,,,,参“阁直学士”条。,,,宋代官制辞典第158页,咸淳元年（1265）六月十八日始设（《宋史•度宗纪》）。,,,,
,显文阁待制,,,,,,,序位在宝章阁待制下（《宋史•职官志》2《总阁待制》）。,,,,,参“阁待制”条。,,,宋代官制辞典第158页,咸淳元年（1265）六月十八日始设（《宋史•度宗纪》）。,,,,
,直显文阁,,,,,,,,,,,,,,,宋代官制辞典第169页,,,,,
,三馆秘阁,,,,,,,①三馆秘阁高下次序为：昭文馆、史馆、集贤院、秘阁。②馆阁官次序为：昭文馆大学士、监修国史、集贤院（殿）大学士，最高等。高等馆职为：集贤院学士、集贤殿修撰、史馆修撰，直昭文馆、直史馆、直集贤院、直秘阁。次等集贤、秘阁校理。官卑者为史馆编修、史馆校勘、史馆检讨、崇文院检讨、馆阁校勘、秘阁校勘等（《容斋四笔》卷1《三馆秘阁》、《容斋随笔》16《馆职名存》）。,,三馆秘阁四局各置馆职。昭文馆、集贤院有大学士，史馆置监修国史，皆以宰相兼领。集贤院置学士、直学士，除集贤院学士外，余多不除人。史馆、集贤院置修撰。三馆秘阁各置直馆、直院、直阁。此外，有崇文院检讨、校书，史馆编修、校勘、检讨，集贤院校理、秘阁校理，崇文院检讨与校书，及馆阁校勘等。至于判馆事、判阁事、监官等，临时而置，掌领馆阁；它如孔目官、书库官、守当官、楷书、典书、写御书、表奏官、装裁匠等膏吏，各有定员（《麟台故事》卷4《官联》、《玉海》卷165《四馆》、《宋朝类苑》卷29《词翰书籍》、《长编》卷189丁丑、《分纪》卷15《崇文院》）。,,,典掌禁中图书之府，编书、校书、读书之局，储养名流贤俊、备咨询访间之地，培养两制、执政以至宰相等高级官僚之所。凡在馆有职事者称馆职；凡由京师官或外任官带者，称贴职。带职，既为择材提供候选之便，又有赏劳嘉善之义。此外，带馆职者，犹有贴职钱（《麟台故事》卷3《选任》、《欧阳文忠公集•奏议集》卷1《论凌景阳三人不宜与馆职奏状》、《麟台残本》卷1《官联》）。,,①儒馆。《尽言集》卷1《论馆职乞依旧召试》：“祖宗初定天下，首辟儒馆以育人材。”《容斋四笔》卷1《三馆秘阁》：“国朝儒馆，仍唐制有四：曰昭文馆、曰史馆、曰集贤院、曰秘阁。”②馆阁。《宋朝事实》卷9《官制》：“英宗谓辅臣曰：‘馆阁所以育隽材。’”《石林燕语》卷2：“‘三馆’，盖昭文、集贤、史馆也。……（端拱中）三馆与秘阁始合为一，故谓之‘馆阁’。”③内阁。三馆、秘阁都可称内阁。《曾巩集》卷34《乞赐〈唐六典〉状》：“臣备数内阁，以文学为职。”曾肇《曾巩行状》：“召编校史馆书籍，历馆阁校勘、集贤校理。”④馆下。《东轩笔录》卷10：“欧阳文忠公自馆下谪夷陵。”胡柯《庐陵欧阳文忠公年谱》：“馆阁校勘欧阳某……可降授守峡州夷陵县令。”⑤四馆。《梦溪笔谈》卷1：“嘉祐中，置编校官八员，杂雠四馆书。”《麟台故事》卷1：“嘉祐四年，三馆秘阁各置官，编校书籍。”⑥西馆。《宋史•职官志》4《秘书省》：“宋初置三馆长庆门北，谓之西馆。”⑦文馆。《梦溪笔谈》卷1：“文馆职任，自校理以上，皆有职钱。”《容斋四笔》卷1《三馆秘阁》：“四局各置直局，均谓之馆职，皆称学士，其下则为校理、检讨、校勘。”,宋代官制辞典第158页，宋代官制辞典第159页,宋初沿唐、五代之制，以昭文（唐、五代称“弘文”）馆、史馆、集贤院为三馆。太平兴国三年新建三馆，通称为崇文院（《玉海》卷168《太平兴国崇文院》）；端拱元年五月建秘阁于崇文院内，于是三馆秘阁并列（《宋会要•职官》18之1）。大中祥符八年（1015）至天圣九年（1031）十一月，徙三馆于左掖门外建崇文外院，与秘阁（又称崇文内院）分居，后复在一处（《宋会要•职官》18之52）。元丰五年四月行新官制，以崇文院秘书省（《麟台残本》卷1《官联》）。,,,,
,馆职,,,,,,,,,,,,,,①三馆学士。《宋史•李至传》：“观书阁下，上必遣使赐宴，且命三馆学士皆与焉。”《长编》卷31辛酉：“诏自今游宴，宣召馆职，其集贤、秘阁校理等并令预会。先是上宴射苑中，三馆学士悉预，李宗任集贤校理，阁门更拒之，不得入，……故有是诏。”②三馆士。《宋史•韩驹传》：“召为著作郎，校正御前文籍。……于是诏三馆士分撰亲祠明堂、圆坛、方泽等乐曲五十余章，多驹所作。”③学士。《玉堂杂记》卷下：“学士策询学士策，秘书官试秘书官。”《梦溪笔谈》卷1：“今三馆职事皆称‘学士’。”④省官。因馆职官俸薄而得名。《老学庵笔记》卷4：“馆职常苦俸薄，而吏人食钱甚厚。……都下旧谓馆职为省官。”,宋代官制辞典第159页,,,,,
,正馆职,,,,,,,,,,,,,,,宋代官制辞典第159页,,,,,
,准馆职,,,,,,,,,,,,,,,宋代官制辞典第159页,,,,,
,三馆,,,,,,,,,,,,,,,宋代官制辞典第159页,,,,,
,监三馆书籍秘阁图书,,,,,,,,,,,,,,①监馆阁书籍。《麟台故事》卷3《选任》：“令监馆阁书籍中使刘崇超日具当宿官名。”《宋会要•职官》18之52：“先是刘崇超在馆止云监三馆书籍秘阁图书。”②都监。《长编》卷105辛未：“省三馆秘阁都监一员。咸平元年十一月初，命刘崇超监书籍。天禧五年十二月又命皇甫维明同监，更号勾当公事。于是崇超卒，故有是诏。”,宋代官制辞典第159页,,,,,
,点检三馆秘阁书籍,,,,,,,,,,,,,,,宋代官制辞典第159页，宋代官制辞典第160页,,,,,
,同勾当三馆秘阁事,,,,,,,,,,,,,,,宋代官制辞典第160页,,,,,
,崇文院,,,,,,,,,,,,,,,宋代官制辞典第160页,,,,,
,崇文外院,,,,,,,,,,,,,,三馆。《宋会要•职官》18之52：“天禧元年，诏崇文外院以‘三馆’为额。”,宋代官制辞典第160页,,,,,
,崇文内院,,,,,,,,,,,,,,,宋代官制辞典第160页,,,,,
,崇文院检讨,,,,,,,,,,,,,,,宋代官制辞典第160页,,,,,
,崇文院校书,,,,,,,,,,,,,,,宋代官制辞典第160页,,,,,
,昭文馆,,,,,,,在史馆之上。,,馆职额：有大学士一人，学士、直学士（罕置），直昭文馆，判昭文馆事。吏额：孔目官一人，书库官一人，守当官三人，楷书五人（《麟台故事》卷4《官联》）。,,,崇文院东廊为昭文书库。并设官分职，授予名流入直馆内，收藏、编校书籍，储养人材，以备不时之用；或以它官带昭文馆职为贴职（《麟台故事》卷1《沿革》），并参“三馆秘阁”条。,,①宏文馆、弘文馆。《宋朝类苑》卷29《三馆》：“三馆谓宏文馆、史馆、集贤院，建隆元年二月，避讳字，诏易名昭文馆。”“昭文馆本前世弘文馆，建隆中，以其犯宣祖讳改。”②昭文。《长编》卷19，太平兴国三年二月一日：“诏赐名为崇文院。……院之东廊为昭文书。”《宋朝类苑》卷29《三馆》：“赐名崇文院，以东廊为昭文馆书库。”③文馆。《青箱杂记》卷9：“（燕公肃）晚登文馆，列侍从，作直学士。”《宋史•燕肃传》：“直昭文馆，……擢龙图阁待制……进龙图阁直学士。”,宋代官制辞典第160页,唐武德四年（621）置修文馆，九年（626）改称为弘文馆。神龙元年（705）避唐高宗太子李弘讳，改称昭文馆。开元七年（719）复为弘文馆（《旧唐书•百官志》）。宋初沿置，建隆元年（960）二月避赵匡胤之父弘殷讳，改为昭文馆（《宋会要•职官》18之50《崇文院》）。元丰五年四月改官制罢（《麟台故事》卷4《官联》）。,,,,
,昭文馆大学士,,,,,,,三馆职名中地位最高者，位于监修国史、集贤殿大学士之上（《春明退朝录》上）。,,,,,为首相所带职名，昭文馆内实无此职事（《宋宰辅》卷1，建隆元年二月乙亥）。,,昭文。《春明退朝录》上：“本朝置二相，昭文、修史，首相领焉；集贤，次相领焉。”《宋宰辅》卷5，皇祐五年国七月壬申：“陈执中进昭文相，……授行吏部尚书、同平章事、昭文馆大学士、监修国史、兼译经润文使。”,宋代官制辞典第160页,唐神龙元年（705）始置（《新唐书•百官志》2）。宋建隆元年二月由弘文馆大学士改称昭文馆大学士（《分纪》卷15《昭文馆•大学士》）。熙宁九年十月二十三日罢，不再复置（《玉海》卷165《建隆昭文馆》）。,,,,
,编校昭文馆书籍,,,,,,,,,,,,,,①编校昭文书籍。《宋史•沈括传》：“擢进士第，编校昭文书籍，为馆阁校勘，删定三司条例。”《麟台残本》卷1：“大理评事赵彦若编校昭文馆书籍。”②编校官。《梦溪笔谈》卷1：“嘉祐中，置编校官八员，杂雠四馆书，给吏百人。,宋代官制辞典第160页，宋代官制辞典第161页,,,,,
,直昭文馆,,,,,,,位于校理之上、学士之下。参“三馆秘阁”条。,,储养人材之备，无定员。,,,馆职“名数虽异，职务略同”。即三馆职名，自大学士至校理等，止有高下之分，如唐时五品以上称学士，六品以上称直学士，未升朝官称直馆等，但职能区别不大（《长编》卷31）。直馆预馆务，由他官兼者为贴职。如淳化二年，韩国华以盐铁判官兼直昭文馆（《宋史•韩国华传》）。《宋会要•职官》18之5：“职方员外郎、秘阁校理、监舒州灵仙观舒雅直昭文馆。”余参“三馆秘阁”条。,,直馆。《麟台故事》卷3《选任》：“直馆、直院有除知制诰者，吕祐之以直昭文馆，……除知制诰。”,宋代官制辞典第161页,唐朝已有直馆之名（《新唐书•百官志》2）。北宋建国之初，虽有直昭文馆之名，实未除人，淳化元年（990）八月二十五日始除授（《长编》卷31）。,,,,
,判昭文馆事,,,,,,,由两省五品以上朝官充，在直昭文馆之上（《宋史•张秉传》、《通考•职官》4《昭文馆》）。,,一员（《分纪》卷15《昭文馆》）。,,,预馆务，由它官兼者为贴职。参“昭文馆”条。,,判馆事、判昭文馆。全称应为判昭文馆事。《通考•职官》4《弘文馆》：“宋改为昭文馆。……判官一人，以两省五品以上朝官充。“《宋史•张秉传》：“进秩兵部郎中、判昭文馆。”《分纪》卷15《昭文馆》：“置学士，取最上一员判馆事。”,宋代官制辞典第161页,“判馆事”之名始于隋（《隋书•李德林传》）。唐武则天垂拱（685—688）以后，常以给事中兼判昭文馆事（《旧唐书•职官志》2《门下省》）。宋沿置，元丰五年改制罢。,,,,
,史馆,,,,,,,次于昭文馆、高于集贤院。“国初，循前代之制，以昭文馆、史馆、集贤院为三馆”（《麟台故事》卷1《沿革》）。,,馆职有监修国史一人，史馆修撰、判史馆、直史馆、史馆勘书、史馆编修、史馆校勘、史馆检讨、史馆祗候、史馆编校书籍等。吏额：孔目官一人，四库书直官一人，表奏官一人，书库官四人，守当官三人，楷书十三人，写日历楷书三人（《分纪》15《史馆》、《麟台故事》卷4《官联》）。,,,北宋前期史馆，掌修国史实录、日历及典本馆所藏图籍之事。崇文院西廊为史馆书库，分经、史、子、集四部。并设官分职，为储才之地，以他官兼领本馆馆职为贴职（《麟台残本》卷1《官联》、《分纪》卷15《史馆》）。南宋史馆为修国史、实录之所（《宋会要•职官》18之60），已非北宋时三馆清高之比。,,,宋代官制辞典第161页,北齐已有史馆之名，唐朝贞观三年十二月置史馆于禁中，专掌国史（《六典》卷9《中书省》、《分纪》卷15《史馆》）。宋初沿置。元丰改制后，归史馆入秘书省国史案，不复有史馆之名，或置国史院。至南宋建炎元年五月，于秘书省复建史馆，绍兴十年二月二十九日，罢史馆（《合璧后集》卷42《史馆》、《宋会要•职官》18之60《实录院》）。嘉定六年六月十八日重建三馆（《玉海》卷165《绍兴史馆》）。,,,,
,监修国史馆,,,,,,,次于昭文馆大学士、高于集贤殿大学士，“馆职，惟修史有职事，而颇以昭文为重，自次相迁首相乃得之”（《春明退朝录》上）。,,一人（《通考•职官》5《史官》）。,,,宰相分领三馆，如置三相，以次相兼修国史（《宋宰辅》卷1，建隆元年二月乙亥）。置二相，首相兼昭文馆大学士、监修国史（《春明退朝录》上）。宰相所兼三馆职，唯监修国史有职事，然，“宰相监修，但提大纲”而已（《合璧后集》卷42《史馆》）。,,①监修。《春明退朝录》上：“毕文简（士安）与寇忠愍（准）并相，而毕领监修，寇领集贤。”《宋史•毕士安传》：“与准同拜平章事。士安兼监修国史，居准上。”②修国史。《春明退朝录》上：“（普）初拜，止独相，领集贤殿大学士，续兼修国史，久之，方迁昭文馆。”《宋宰辅》卷1，乾德二年正月庚寅：“赵普拜相。自枢密使、检校太保，授门下侍郎、同平章事、集贤殿大学士。……普既拜相，事无大小皆决于普。太祖待普如左右手，是日，监修国史。”,宋代官制辞典第161页，宋代官制辞典第162页,唐贞观三年（629）闰十二月，以宰相兼修国史，是为之始（《旧唐书•职官志》2）。宋沿置，元丰改制前为宰相兼职；元丰改制罢；及南宋复史馆，绍兴三年六月二十七日，以首相提举国史，次相（右相）监修国史（《要录》卷66，参《合璧后集》卷43《监修国史》、《宋史•职官志》4《监修国史》）。绍兴十年罢史馆，其后宰相兼监修国史者，乃指领国史院。绍兴二十六年五月后，凡置二相，以首相兼监修国史，如独相则宰相领史院，皆不入衔，盖循例以史馆命相而已，已非旧时以三馆为重之制（《朝野杂记》乙集卷13《权提举国史院》）。,,,,
,史馆修撰,,,,,,,史馆修撰次于集贤殿修撰、高于直史馆，为馆阁官之高等。初由朝官充，大中祥符九年八月（1016）后，须两省五品官以上方能为之（《容斋随笔》16《馆职名存》、《长编》卷87庚子）。,,初置四员，后无常员（《通考•职官》5《史馆》、《合璧后集》卷42《国史修撰》）。,,,宋初，史馆每月撰日历，由判史馆事与史馆修撰、直馆分季撰录。其后止由史馆修撰与判馆轮修。史馆修撰初不外领他事，但为在京差遣、知制诰、翰林学士等兼职，或充判秘阁。神宗熙宁六年八月，始有带出者（《合璧后集》卷42《国史修撰》、《分纪》卷15《监修国史》、《宋会要•职官》18之4、《长编》卷287）。南宋史馆修撰则掌修日历、国史（《宋史•綦崇礼传》）。,,①修撰。《宋会要•职官》18之2：“三馆秘阁有学士、判、直，或修撰、校理、检讨官，多领他司，寓直其中。”《容斋随笔》卷16《馆职名存》：“国朝馆阁之选，……高者曰集贤殿修撰、史馆修撰。”②史撰。《春明退朝录》上：“带史撰，亦得优迁。”,宋代官制辞典第162页,唐武德间（618—626）“创修撰之际，自德棻始也”（《旧唐书•令狐德棻传》）。宋沿置。然作为官称，始于至道中（995-997）（《青箱杂记》卷3）。元丰五年改制罢。绍兴三年八月二十三日复置史馆修撰，四年二月始除人。绍兴二十九年八月二十四日罢置（《要录》卷67，乙巳条；《玉海》卷165《绍兴史馆》；《宋会要•运历》1之23）。,,,,
,判史馆事,,,,,,,以朝官充，与史馆修撰同，高于直史馆（《通考•职官》5《史官》）。,,一员（《通考•职官》5《史官》）。,,,与史馆修撰同撰日历。或为在京翰林学士等侍从官兼职（《分纪》卷15《史馆修撰》）。,,①判馆、判馆事。《分纪》卷15《史馆修撰》：“史馆每月撰日历，皆判馆与修撰官、直馆官分季撰录。”《宋史•杨亿传》：“又兼史馆修撰、判馆事。”《宋史•杨徽之传》：“入判史馆事加修撰。”②判史馆。《宋史•张泊传》：“又判史馆。”,宋代官制辞典第162页,唐元和六年（811），以史馆修撰中官高者一人判史馆事（《旧唐书•职官志》2）。宋沿置，如翰林学士杨亿“兼史馆修撰、判馆事”（《宋史•杨亿传》）。元丰改制罢。,,,,
,直史馆,,,,,,,以京官充，次于修撰，高于编修、检讨（《通考•职官》5《史官》、《容斋随笔》16《馆职名存》）。,,无常员（《通考•职官》5《史官》）。,,,太平兴国之前与史馆修撰、判史馆事分撰日历，后不预修纂事，多为在京文臣兼职或带外贴职（《分纪》卷15《史馆修撰》、《宋史•文苑•宋白传》）。南宋绍兴间预修日历或国史。,,①直馆。《宋史•谢泌传》：“召试中书，以直史馆赐绯。……遂令直馆分典四部。”②直官。《麟台残本》卷3：“国初循旧制，皆修撰官、直官分季修纂。”《分纪》卷15《史馆修撰》：“故事，史馆每月撰日历，皆判馆与修撰官、直馆官分季撰录。”③史馆。《玉壶清话》卷4：“谢史馆泌解国学举人。”《宋史•谢泌传》：“召试中书，以直史馆赐绯。”,宋代官制辞典第162页,北齐已有直史馆之名（《初学记》卷12《著作部》）。宋沿置。元丰改制罢。南宋绍兴三年八月二十三日复置（《要录》卷67）。,,,,
,史馆编修,,,,,,,京官以上充。位次于直馆、秘阁校理。参“三馆秘阁”条。,,太平兴国八年初置时一员。余无定员（《分纪》卷15《史馆编修》）。,,,预修国史或日历（《合璧后集》卷42《国史修撰》）。,,编修。《合璧后集》卷42《国史修撰》：“（乾兴元年）择馆阁官二员充编修官，遂诏集贤校理王举正、馆阁校勘李淑同共编修。”《麟台残本》卷3：“乾兴元年十月，以集贤校理王举正、馆阁校勘李淑并为史馆编修官。”,宋代官制辞典第162页，宋代官制辞典第163页,太平兴国八年（983）始见置（《分纪》卷15《史馆编修》）。元丰五年改制罢。,,,,
,史馆检讨,,,,,,,文臣京官以上充，或秘阁校理以上馆职兼（《合璧后集》卷42《国史院检讨官》）馆阁官中，次于校理，高于校勘（《梦溪补笔谈》卷1）。,,无常员（《宋会要•职官》18之29）。,,,修史时掌搜集、检阅资料与校对文字（《合璧后集》卷42《史馆史官》）。,,①检讨。《麟台残本》卷1：“三馆通为崇文院，置官吏，有检讨。”《宋史•邢恕传》：“历史馆检讨。”②史讨。《长编》卷171，皇祐三年十月：“是月，史馆检讨司马光以《时政记》及《起居注》并不载元昊叛命、契丹遣使事，会庞籍监修国史，光请即枢密院追寻本末，自至史馆议之。”原注：“司马光以皇祐三年七月为史讨。”,宋代官制辞典第163页,北宋淳化二年（991）十月二日始见置（《长编》卷32）。元丰五年改官制随史馆罢而罢。南宋绍兴初复置史馆，史馆检讨备置；至绍兴十年罢史馆，后又有史馆检讨官，至绍兴二十九年八月二十四日罢置（《容斋随笔》卷5《史馆玉所》、《宋会要•运历》1之23）。,,,,
,史馆校勘馆,,,,,,,以京官充。位在史馆检讨之下、史馆祗候之上。,,无定员（《麟台残本》卷1）。,,,掌收藏本馆图籍等事务。校勘官不带外（《麟台残本》卷1）。,,校勘。《青箱杂记》卷3：“史馆有直馆、有修撰、有编修、有校勘、有检讨。……雍熙中，宋湜（按：宋炎之误）为史馆校勘。”（参《分纪》卷15《史馆校勘》）,宋代官制辞典第163页,唐有集贤院校勘（《玉海》卷167《集贤殿书院》）。北宋雍熙四年（987）置史馆校勘（《分纪》卷15《史馆校勘》）。元丰五年改制罢。南宋绍兴初置史馆，复置（《玉海》卷46《绍兴七朝史》、《宋会要•职官》18之27）。,,,,
,史馆祇候,,,,,,,,,,,,,,,宋代官制辞典第163页,,,,,
,编校史馆书籍,,,,,,,,,,,,,,①编校书籍。《麟台残本》卷1：“编校书籍供职及二年，得补校勘。”《宋史•曾巩传》：“调太平州司法参军，召编校史馆书籍，迁馆阁校勘、集贤校理”。②编校官。《梦溪笔谈》卷1：“嘉祐中，置编校官八员，杂雠四馆书。”,宋代官制辞典第163页,,,,,
,集贤院,,,,,,,在史馆之下、秘阁之上（《麟台故事》卷1）。,,馆职有集贤院大学士一人，学士、直学士（罕置）、修撰、直院、校理不定员，又有编校集贤院书籍。吏额：孔目官一人，表奏官一人，掌舍一人（《通考•职官》5《集贤殿》）。,,,藏图书之府，以崇文院东廊为集贤院书库（《分纪》卷15《集贤院》）。其所置大学士、学士、修撰、直院、校理之职，为他官所领，是为贴职。学士以至校理或预馆事，均为备不时之用，号称名流（《分纪》卷15《集贤院》，参“三馆秘阁”条）。,,集贤。《玉海》卷165《太平兴国三馆》：“昭文、集贤有大学士。”《麟台残本》卷1：“集贤院大学士一人。”,宋代官制辞典第163页,唐开元十三年（725）始有集贤殿书院之名，是宋集贤院之所本。省称集贤院（《新唐书•百官志》）。“国家因唐制，建昭文、史馆、集贤院于禁中。”（《长编》卷31辛酉）“元丰官制行，不置昭文、集贤”（《容斋四笔》卷1《三馆秘阁》）。,,,,
,集贤院（殿）大学士,,,,,,,次于昭文馆大学士、监修国史。若置三相，则为末相所带职名。迁移次序，自带集贤殿大学士进而带监修国史、昭文馆大学士（《春明退朝录》上）。,,一人。为宰相带职。“集贤院大学士，一人，以宰相充”（《麟台残本》卷1）。,,,一人。为宰相带职。“集贤院大学士，一人，以宰相充”（《麟台残本》卷1）。,,①集贤。《春明退朝录》上：“本朝置二相，昭文、修史，首相领焉；集贤，次相领焉。”《玉海》卷165《太平兴国三馆四馆》：“宰辅兼领三馆，首相曰昭文馆大学士，次曰监修国史，又次曰集贤院大学士。”②集贤殿大学士。北宋元丰改制前，除授宰相制书带衔均称“集贤殿大学士”。因集贤院在唐代原为简称，其全称应为“集贤殿书院”，故在史籍中，有集贤殿大学士、集贤院大学士之异称，其实一也。《宋诏令》卷51《寇准拜同中书门下平章事、集贤殿大学士加恩制》。《通考•职官》5《集贤殿》：“宋为集贤院大学士，一人，以宰相充。”,宋代官制辞典第163页，宋代官制辞典第164页,唐肃宗至德二载（757）始置（《分纪》卷15《集贤院》。宋沿置，元丰三年（1080）九月二十七日罢（《玉海》卷165《太平兴国三馆四馆》，参《宋史•宰辅表》2）。,,,,
,集贤殿直学士,,,,,,,,,,,,,,,宋代官制辞典第164页,,,,,
,集贤院学士,,,,,,,①以给事中、左右谏议大夫、卿监以上朝官充，仅次于本院大学士（《通考•职官》5《集贤殿》）。②元祐复置后初无班品，绍圣元年，仪制、恩数依中散大夫（从五品）（《却扫编》卷上）。,,无定员（《麟台残本》卷1）。,,,在馆供职或判院事，多为它官兼职，即作为有荣名、有实利（职钱）的贴职。如薛映“集贤院学士、判尚书都省”，“再为集贤院学士、判院事”（《宋史•薛映传》）。并参“三馆秘阁”条。,,集贤学士。《事物纪原》卷4《集贤学士》：“（唐）为集贤殿书院学士，宋朝曰集贤院学士。”,宋代官制辞典第164页,①唐开元十三年（725）四月始有集书院学士之称（《玉海》卷167《集贤殿书院》）。②宋沿置，称集贤院学士（《宋会要•职官》18之50《崇文院》）。③元丰五年改制罢，元祐五年九月十六日复置，为贴职（《玉海》卷168《祥符崇文外院》）。④绍圣二年四月三日改为集贤殿修撰（《十朝纲要》卷12）。,,,,
,集贤殿修撰,,,,,,,,,,,,,,,宋代官制辞典第168页,,,,,
,判集贤院事,,,,,,,位在直集贤院之上，由集贤院学士或史馆修撰等充（《宋史•薛映传》）。,,,,,在馆供职，示旌重儒雅之士（《宋史•杨徽之传》）。或它官外任带职。详参“三馆秘阁”条。,,判院事、判集贤院。《宋史•杨徽之传》：“入判史馆事、加修撰。……未几，改判集贤院。”《宋史•薛映传》：“再为集贤院学士、判院事、知曹州。”,宋代官制辞典第164页,唐开元间始置（《旧唐书•职官志》2）。宋沿置（《宋会要•职官》18之50）元丰改制罢。,,,,
,直集贤院,,,,,,,由京官以上充。在集贤校理之上、集贤修撰之下。四直官中，次于直昭文馆、直史馆，而高于直秘阁（参《宋史•王琪传》）。,,无定员（《宋会要•职官》18之29）。,,,三馆秘阁官直馆、直院、修撰、校理“名数虽异，职务略同”。（《宋会要•职官》18之51、52）直集贤院除备三馆之职外，多用于通判、知州、转运使及在京差遣贴职（《宋史•贾昌朝传》、《宋史•王琪传》、《长编》卷109丙子）。参“三馆秘阁”条。,,直院。《通考•职官》5《直贤殿》：“直院、校理以京官以上充。“《宋会要•职官》18之51：“太子中允和嵘直集贤院。集贤旧无直院之名。”,宋代官制辞典第164页，宋代官制辞典第165页,唐开元十九年（731）始置（《分纪》卷15《集贤院》）。北宋淳化元年（990）八月二十六日始置（《宋会要•职官》18之51）元丰五年罢。元祐元年三月二十八日复此职名，定为六等贴职之（《长编》卷373）。绍圣二年四月三日改为直秘阁（《十朝纲要》卷12）。,,,,
,集贤院校理,,,,,,,次等馆职，低于修撰、直馆（院），高于校勘、检讨（《容斋随笔》卷16《馆职名存》）。校理中，高于秘阁校理，“秘阁宜次三馆”（《麟台残本》卷1）。,,不定员（《宋会要•职官》18之29）。,,,在馆供职，京师差遣带职及外任贴职。如李宗谔“迁秘书郎、集贤校理、同修起居注”（《宋史•李宗谔传》）、张品之“迁集贤校理、通判常州，知温州”（《宋史•张显之传》）。参“三馆秘阁”。,,①集贤校理。集贤校理为通称，罕有称“集贤院校理”者。《长编》卷31辛酉：“国家因唐制，建昭文、史馆、集贤院于禁中。……集贤又有修撰、校理之职。”《分纪》卷15《集贤院•集贤校理》。②校理。《麟台故事》卷5：“先是，帝宴近臣于后苑，三馆学士悉预。……阁门拒校理不得预宴，盖吏失之也。”《长编》卷31，辛酉：“先是，上宴射苑中，三馆学士悉预，李宗谔任集贤校理，阁门吏拒之，不得入。”③集校。《长编》卷171，皇祐三年十月：“司马光以皇祐三年七月为史讨，十月改集校。”,宋代官制辞典第165页,唐开元十三年（725）四月始置（《玉海》卷167《唐集贤殿书院》）。宋始置于端拱初年（《青箱杂记》卷3）。元丰改官制罢。元祐元年列六等贴职之一（《宋会要•职官》18之78）。绍圣二年四月易为秘阁校理（《十朝纲要》卷12）。,,,,
,编校集贤院书籍,,,,,,,,,,,,,,①编校集贤书籍、编校书籍。《宋史•吕惠卿传》：“熙宁初，安石为政，惠卿方编校集贤书籍。”《麟台故事》卷1：“（嘉祐中）傅卞编校集贤院书籍。……诏编校书籍供职及二年，得补校勘。”②校书集贤。《曾巩集》卷45《天长县君黄氏墓志铭》：“（希）宣州泾县主簿，编校集贤院书籍。……泾县复校书集贤，世其父职。”,宋代官制辞典第165页,,,,,
,秘阁,,,,,,,淳化元年八月，定“秘阁次三馆”（《宋会要•职官》18之2）。,,判秘阁事一人，直秘阁、秘阁校理不定员，及编校秘阁书籍官。吏额：典书三人，楷书七人，写御书十人，装裁匠十二人（《麟台故事》卷4）。,,,自昭文馆、史馆、集贤院择出真本（非抄本）书及内庭所出古画、墨迹万余卷珍藏之。并如三馆例，召试名儒入阁供职，为储才用人之地，它官领之为贴职（《麟台残本》卷1，参“三馆秘阁”）。,,①中秘。《合璧后集》卷58《直秘阁》：“职联中秘。”《麟台残本》卷1：“秘阁，端拱二年（应为“元年”）于崇文院中堂建。”②东观、石渠。典故称。东观与石渠，为汉时藏秘籍之所。《宋史•辛次膺传》：“韩世忠男直秘阁，次膺奏曰：‘攻城野战，世忠功也，其子何与？东观、石渠，图书府也，武功何与？’”华峤《后汉书》：“学者称东观为老氏藏室、道家蓬莱山。”（见《初学记》卷12）《三辅黄图》：“石渠阁，萧何造。……所藏入关所得秦之图籍，又成帝于此藏秘书焉。”③册府。《合璧后集》卷58《直秘阁》：“升荣册府。”④秘府。《宋会要•职官》18之48《秘阁》：“诏肇兴秘府，典掌群书……。自今秘阁宜次三馆。”⑤木天。《梦溪笔谈》卷24：“秘阁⋯⋯相传谓之木天。”,宋代官制辞典第165页,西晋武帝时已置秘书阁（《南齐书•百官志》），省称“秘阁”（《南史•徐广传》）。北宋端拱元年（988）五月五日始置（《长编》卷29）。元丰改制，秘阁归秘书省。徽宗即位重修秘阁（《玉海》卷163《宋端拱秘阁》）。,,,,
,直秘阁,,,,,,,,,,,,,,,宋代官制辞典第169页,,,,,
,提辖秘阁供御图书,,,,,,,丞郎以上从官充任，秘阁中地位最高。,,一人（《麟台残本》卷1）。,,,,,,宋代官制辞典第166页,端拱元年五月五日置（《宋会要•职官》18之47《秘阁》）。其后，“以丞郎、学士兼秘书监即领阁事。”至大中祥符九年九月，改称判阁事（《同前书18之47、49）。专决秘阁事务（《宋会要•职官》18之47）。,,,,
,判秘阁事,,,,,,,由两省五品以上朝官充，位于直秘阁之上，低干诸判馆、院事（《宋会要•职官》18之2、3）。,,一人（《麟台残本》卷1）。,,,领秘阁事，兼判秘书省事（《宋会要•职官》18之1《秘书省》）。,,①判阁。《麟台故事》卷1《官联•秘阁》：“判阁一人。”《宋会要•职官》18之49：“大中祥符九年九月，诏以秘监杨亿判秘阁事。”②判秘阁。同上书18之1《秘书省》：“《两朝国史志》：秘书省，判省事一人，以判秘阁官兼。”,宋代官制辞典第166页,大中祥符九年（1016）九月始置（《职官分纪》卷15《秘阁》）。元丰五年改制罢。,,,,
,秘阁校理,,,,,,,馆阁官中，校理次于直馆与修撰，高于检讨、校勘；校理中，又次于集贤校理（《宋会要•职官》18之2、3及《容斋四笔》卷1《馆职名存》）。以京官或朝官充（《麟台残本》卷1）。,,无定员（《宋会要•职官》18之31）。,,,咸平前，与直秘阁、监秘阁图书官共同管理供进皇帝阅读书籍，点检与抄写秘籍，封锁书库门，出纳公事等阁务。咸平后不预。为小州军、远小路分差遣带职。元祐复职后，为秘书省正字供职四年后之贴职（《宋会要•职官》18之47、7）。,,①校理。《曾巩集》卷42《故翰林侍读学士钱公墓志铭》：“迁秘阁校理。……校理，属英宗之初立、慈圣光献皇后听政。”②秘教。雅称。《林和靖诗集》卷1《赠张绘秘教九题》。,宋代官制辞典第166页,北宋端拱元年（988）五月五日始置（《长编》卷29），元丰五年改制罢。元祐元年三月二十八日复为贴职（《十朝纲要》卷12），列为六等（集贤殿修撰、直龙图阁、直集贤院、直秘阁、集贤校理、秘阁校理）贴职之一（《宋会要•职官》18之13《秘书省》）。元符二年十一月十三日罢带职（《宋会要•职官》18之14）。,,,,
,监秘阁图书,,,,,,,,,,,,,,监图书官。《宋会要•职官》18之47：”（端拱元年）八月，命内品裴愈监秘阁图书。……今后直馆、校理及监图书官内有差出，即令递相交割。”,宋代官制辞典第166页,,,,,
,编校秘阁书籍,,,,,,,,,,,,,,①编校书籍。《麟台残本》卷1：“（嘉祐四年）杭州于潜县令孙洙编校秘阁书籍。⋯⋯六年，以洙馆阁校勘。于是诏编校书籍供职及二年得补校勘，盖自洙始。”②编校官。为四馆编校书籍官通称。《梦溪笔谈》卷1：“今三馆秘阁，凡四处藏书，然同在崇文院。⋯⋯嘉祐中，置编校官八员，杂雠四馆书。”,宋代官制辞典第166页，宋代官制辞典第167页,,,,,
,馆阁编校书籍,,,,,,,,,,,,,,,宋代官制辞典第167页,,,,,
,馆阁校勘,,,,,,,馆职之最低等。京官充任。编校书籍初入馆职，则为馆阁校勘。位于校理之下（《麟台残本》卷1、《容斋四笔》卷6《馆职名存》）。,,无定员。,,,在馆供职，校对书籍。校勘官无带外任，天圣五年二月特许带出（《长编》卷105己亥）。,,校勘官。《分纪》卷15《馆阁校勘》：“校勘官未有带外任者，时晏辟琪，特有是命。”《长编》卷105，天圣五年二月己亥：“馆阁校勘无出外者，琪为晏殊所辟，特许之。”,宋代官制辞典第167页,天圣四年（1026）五月，始见馆阁校勘之名（《宋会要•职官》18之52，参《分纪》卷15《馆阁校勘》）。元丰五年改制罢。元祐四年七月四日复置（《长编》卷430）。元符二年十一月十三日复罢（《长编》卷518）。,,,,
,馆阁读书,,,,,,,,,,,,,,,宋代官制辞典第167页,,,,,
,贴职,,,,,,,元丰改制前贴职，需视所带为何种职名（殿学士、阁职、馆职）而定。元祐以后贴职，至政和六年已入杂压，品位明确：正六品（集英殿修撰），从六品（右文殿修撰、秘阁校理），正七品（直龙图阁、直宝文阁），从七品（直显谟阁、直徽猷阁、直敷文阁、直焕章阁、直华文阁），正八品（直秘阁）。三修撰为贴职之高等，其中又以集英殿修撰居贴职之冠，一转而为待制（《宋会要•职官》18之78）。直降以直龙图阁为首，一转而入秘阁修撰，“为擢待制之基”（《宋史•职官志》2《直龙图阁》）。,,元丰改制前贴职未有规范。元祐后，贴职编制逐步趋向稳定。①元祐元年二月为六等：集贤殿修撰、直龙图阁、直集贤院、直秘阁、集贤校理、秘阁校理（《宋会要•职官》56之16）。②元祐四年、五年分别复馆阁校勘、集贤院学士为贴职（《宋会要•职官》18之10、《合璧后集》卷58《右文殿修撰》）。③绍圣二年四月，罢去集贤院学士、直集贤院，尚留集贤殿修撰、直龙图阁、直秘阁、秘阁校理、馆阁校勘五等（《十朝纲要》卷12）。③元符二年十一月定为三等：集贤殿修撰、直龙图阁、直秘阁。（《清波杂志》卷12、《宋会要•职官》56之23）。④政和三年十二月定为五等：集贤殿修撰、直龙图阁、直秘阁、直睿思殿、睿思殿供奉官（《宋会要•职官》56之43）。⑤政和六年九月定为九等：集英殿修撰、右文殿修撰、秘阁修撰、直龙图阁、直徽猷阁、直显谟阁、直宝文阁、直天章阁、直秘阁（《宋诏令》卷164《增置贴职御笔》）。⑥南宋，随着敷文阁至显文阁先后建立，又依次增添直敷文、焕章、华文、宝谟、宝章、显文阁（《宋史•职官志》2）。贴职无定员。,,,职名是宋代文学高选的一种标志。内外文臣差遣带职，表明了才学、德行兼优的一种身份，与不带职差遣相比，在升迁、待遇、恩数上，均享有种种优越的地位。元丰改制后，贴职确定为庶官补外任路监司、帅守等职事官的带职，仍寓有甄别能否、显示恩宠亲疏的作用。“阶官者积岁月可至，而职名者，人主所以待天下英俊，一时甄拔之权，苟非其人，终身莫得而至也。”（《浮溪集》卷2《奏论宋晦落职不当行词状》）。贴职又是通向侍从官的必经台阶（《通考•职官》8《总阁职》）。,,①阁职。《合璧后集》卷58《总阁职》：“《淳熙令》：自集撰至直秘阁为贴职。”②寓职。《攻媿集》卷36《秘阁修撰、知绍兴府赵不流职事修举除集英殿修撰》：“俾升寓职，以玺书示勉励之意。”,宋代官制辞典第167页，宋代官制辞典第168页,①唐德宗贞元间，职事官兼三文馆职者，已有“帖职”之称（《全唐文》卷506《唐故中大夫、守尚书工部侍郎、兼御史大夫、史馆修撰……张公墓志铭》）。②北宋元丰改制前，凡职事官及非职事官带馆职、殿学士及阁学（阁学士、直学士、待制、直阁）者，称“带职”、“加职”、“兼职”或“贴职”。如景祐四年十二月：“上欲除允元兼集贤院学士，执政言故事，经科出身，虽官至给谏，无带职者，遂罢之。”（《长编》卷120）又如景德元年六月，边肃等二十四人“多帖三馆职”（《长编》卷56）。③元丰五年四月二十三日罢馆职（《长编》卷325），引起了职名及带职制度的重大变革。自元祐后，逐渐稳定为待制以上为侍从官所带职名，修撰、直阁为庶官所带职名两大系列。其间，经历多次变化：元祐元年复馆职六等，元祐四年七月增馆阁校勘（《宋会要•职官》18之10），元祐五年九月十六日增集贤院学士（《玉海》卷168《大中祥符崇文外院》）；绍圣二年，改集贤院学士为集贤殿修撰、直集贤院为直秘阁、集贤校理为秘阁校理，罢职事官带职，非职事官仍然可带（《宋会要•职官》18之13）；元符二年减为集贤殿修撰、直龙图阁、直秘阁三等。政和三年，正式确定了庶官所带职名为贴职的称谓：“观文殿大学士至徽猷阁待制为侍从官，集英殿修撰至直秘阁、直睿思殿并睿思殿供奉官为贴职。”（《宋会要•职官》56之43）。政和六年九月十七日，增集英殿修撰、秘阁修撰，改集贤殿修撰为右文殿修撰，并直龙图阁至直天章阁，为九等贴职（《宋诏令》卷164《增置贴职御笔》）。④南宋，自直秘阁而上至集英殿修撰为贴职不变（《合璧后集》卷58《总阁职》所载《淳熙令》、《庆元条法》卷4《官品令》）。,,,,
,集英殿修撰,,,,,,,居于贴职之最高等，位于待制之下。正六品（《宋史•职官志》8《官品令》）。,,,,,南宋时，多用于宠六部权侍郎外补地方官（《通考•职官》8）。,,①集英、热撰。《宾退录》卷2：“近世士大夫，以集英为热撰，右文、秘阁为冷撰。”《宋诏令》卷164《增置贴职御笔》：“秘阁修撰、右文殿修撰、集英殿修撰。”②集撰。《程史》卷4《一言悟主》：“以集撰帅静江。”《通考•职官》8《集英殿修撰》：“自集撰至直秘阁为贴职。”,宋代官制辞典第168页,政和六年九月十七日始置（《宋诏令》卷164《增置贴职御笔》）。,,,,
,右文殿修撰,,,,,,,从六品（《宋史•职官志》8《官品》）。属高等贴职，位次于集英殿修撰（《通考•职官考》卷8《右文殿修撰》）。,,,,,文臣庶官外任带职。参“贴职”。,,①右文。《宾退录》卷2：“右文即集贤，政和五年改。”《玉海》卷160《政和右文殿》：“（政和五年四月十日）改集贤殿修撰为右文殿修撰。”②冷撰。南宋理宗朝俗称。《宾退录》卷2：“近世士大夫以集英为热撰，右文、秘阁为冷撰。”,宋代官制辞典第168页,政和五年四月十日，由集贤殿修撰改名（《十朝纲要》卷17）。,,,,
,殿撰,,,,,,,,,,,,,,,宋代官制辞典第168页,,,,,
,秘阎修撰,,,,,,,从六品（《宋史•职官志》8《官品令》）。属高等贴职，位次右文殿修撰，高于直龙图阁。,,,,,多用以宠秘书省官资格深者。（《通考•职官》8《秘阁修撰》）。,,①秘撰。《挥塵余话》卷1：“其后陈东、欧阳澈俱赠秘撰。”《宋史•陈东传》：“绍兴四年，并加朝奉郎、秘阁修撰。”②冷撰。以其为平调官的贴职而得名，与破格提拔官常授予集英殿修撰之称“热撰”相对而言。《宾退录》卷2：“秘阁光冷撰。”③旧馆阁。因资历深的馆职（改制后指秘书省官）才能获得，故有此号称。《水心文集》卷2《除秘阁修撰》：“窃以典修中秘，肇自政和，必须资历之多，号称馆阁之旧。”,宋代官制辞典第168页，宋代官制辞典第169页,政和六年（1116）九月十七日创置（《宋会要•职官》56之44）。,,,,
,贴职修撰,,,,,,,,,,,,,,,宋代官制辞典第169页,,,,,
,直睿思殿,,,,,,,,,,,,,,直殿。《宋会要•职官》56之42：“保静军节度观察留后、提举龙德宫、直睿思殿杨戬奏：‘朝廷肇新直殿之职。’”,宋代官制辞典第169页,,,,,
,睿思殿供奉,,,,,,,,,,,,,,,宋代官制辞典第169页,,,,,
